Roll,Filename,DateTime,Encounter,Cluster,Males,Adults,Calves,Total,GPSDateTime,Lat,Long,DatelTime...GPSTime,Year,Month,Day,Time,Hour,Min,Sec,TrueTime,Date
DSWP18,20180315_062052a,3/15/2018 6:20,1,201801001,1,1,0,2,,,,,2018,3,15,620,6,20,52,6:20:52,15/03/2018
DSWP18,20180315_064103a_Hayao,3/15/2018 6:41,1,201801002,0,1,1,2,,,,,2018,3,15,641,6,41,3,6:41:03,15/03/2018
DSWP18,20180315_064405a,3/15/2018 6:44,1,201801003,0,2,0,2,,,,,2018,3,15,644,6,44,5,6:44:05,15/03/2018
DSWP18,20180315_065817a,3/15/2018 6:58,1,201801004,0,1,1,2,,,,,2018,3,15,658,6,58,17,6:58:17,15/03/2018
DSWP18,20180315_071533a,3/15/2018 7:15,1,201801005,0,1,0,1,,,,,2018,3,15,715,7,15,33,7:15:33,15/03/2018
DSWP18,20180315_071730a_Hayao,3/15/2018 7:17,1,201801006,0,1,0,1,,,,,2018,3,15,717,7,17,30,7:17:30,15/03/2018
DSWP18,20180315_074955a_Hayao,3/15/2018 7:49,1,201801007,0,1,1,2,,,,,2018,3,15,749,7,49,55,7:49:55,15/03/2018
DSWP18,20180315_075336a,3/15/2018 7:53,1,201801008,0,1,1?,1,,,,,2018,3,15,753,7,53,36,7:53:36,15/03/2018
DSWP18,20180315_080027a_Hayao,3/15/2018 8:00,1,201801009,0,1,0,1,,,,,2018,3,15,80,8,0,27,8:00:27,15/03/2018
DSWP18,20180315_111810a,3/15/2018 11:18,1,201801010,0,1,0,1,,,,,2018,3,15,1118,11,18,10,11:18:10,15/03/2018
DSWP18,20180315_112503a,3/15/2018 11:25,1,201801011,0,1,1,2,,,,,2018,3,15,1125,11,25,3,11:25:03,15/03/2018
DSWP18,20180315_120104a,3/15/2018 12:01,1,201801012,0,1,0,1,,,,,2018,3,15,121,12,1,4,12:01:04,15/03/2018
DSWP18,20180315_124943a_Hayao,3/15/2018 12:49,1,201801013,0,1,0,1,,,,,2018,3,15,1249,12,49,43,12:49:43,15/03/2018
DSWP18,20180315_131409a,3/15/2018 13:14,1,201801014,0,1,0,1,,,,,2018,3,15,1314,13,14,9,13:14:09,15/03/2018
DSWP18,20180315_132029a,3/15/2018 13:20,1,201801015,0,1,0,1,,,,,2018,3,15,1320,13,20,29,13:20:29,15/03/2018
DSWP18,20180315_134211a,3/15/2018 13:42,1,201801016,0,2,0,2,,,,,2018,3,15,1342,13,42,11,13:42:11,15/03/2018
DSWP18,20180315_135213a_Hayao,3/15/2018 13:52,1,201801017,0,1,0,1,,,,,2018,3,15,1352,13,52,13,13:52:13,15/03/2018
DSWP18,20180315_135450a_2,3/15/2018 13:54,1,201801018,0,1,0,1,,,,,2018,3,15,1354,13,54,50,13:54:50,15/03/2018
DSWP18,20180315_140231a,3/15/2018 14:02,1,201801019,0,1,1,2,,,,,2018,3,15,142,14,2,31,14:02:31,15/03/2018
DSWP18,20180315_142506a,3/15/2018 14:25,1,201801020,0,0,1,1,,,,,2018,3,15,1425,14,25,6,14:25:06,15/03/2018
DSWP18,20180315_143127a,3/15/2018 14:31,1,201801021,0,0,1,1,,,,,2018,3,15,1431,14,31,27,14:31:27,15/03/2018
DSWP18,20180315_145102a,3/15/2018 14:51,1,201801022,1,2,1,4,,,,,2018,3,15,1451,14,51,2,14:51:02,15/03/2018
DSWP18,20180315_152302a,3/15/2018 15:23,1,201801023,1,2,1,4,,,,,2018,3,15,1523,15,23,2,15:23:02,15/03/2018
DSWP18,20180315_154553a_Hayao,3/15/2018 15:45,1,201801024,1,1,0,2,,,,,2018,3,15,1545,15,45,53,15:45:53,15/03/2018
DSWP18,20180315_170817a_Hayao,3/15/2018 17:08,1,201801025,0,2,0,2,,,,,2018,3,15,178,17,8,17,17:08:17,15/03/2018
DSWP18,20180315_172503a,3/15/2018 17:25,1,201801026,0,1,0,1,,,,,2018,3,15,1725,17,25,3,17:25:03,15/03/2018
DSWP18,20180315_173048a,3/15/2018 17:30,1,201801027,0,2,0,2,,,,,2018,3,15,1730,17,30,48,17:30:48,15/03/2018
DSWP18,20180315_173319a_Hayao,3/15/2018 17:33,1,201801028,0,1,1,2,,,,,2018,3,15,1733,17,33,19,17:33:19,15/03/2018
DSWP18,20180315_173356a,3/15/2018 17:33,1,201801027,0,1,1,2,,,,,2018,3,15,1733,17,33,56,17:33:56,15/03/2018
DSWP18,20180319_071634a,3/19/2018 7:16,3,201803001,0,2,0,2,,,,,2018,3,19,716,7,16,34,7:16:34,19/03/2018
DSWP18,20180319_071828a,3/19/2018 7:18,3,201803002,0,1,0,1,,,,,2018,3,19,718,7,18,28,7:18:28,19/03/2018
DSWP18,20180319_075025a,3/19/2018 7:50,3,201803003,0,1,0,1,,,,,2018,3,19,750,7,50,25,7:50:25,19/03/2018
DSWP18,20180319_082823a,3/19/2018 8:28,3,201803004,0,1,0,1,,,,,2018,3,19,828,8,28,23,8:28:23,19/03/2018
DSWP18,20180319_083625a,3/19/2018 8:36,3,201803005,0,0,1,1,,,,,2018,3,19,836,8,36,25,8:36:25,19/03/2018
DSWP18,20180319_085759a,3/19/2018 8:57,3,201803006,0,1,0,1,,,,,2018,3,19,857,8,57,59,8:57:59,19/03/2018
DSWP18,20180319_091924a,3/19/2018 9:19,3,201803007,0,2,0,2,,,,,2018,3,19,919,9,19,24,9:19:24,19/03/2018
DSWP18,20180319_093732a,3/19/2018 9:37,3,201803008,0,1,1,2,,,,,2018,3,19,937,9,37,32,9:37:32,19/03/2018
DSWP18,20180319_100152a,3/19/2018 10:01,3,201803009,0,0,1,1,,,,,2018,3,19,101,10,1,52,10:01:52,19/03/2018
DSWP18,20180319_102152a,3/19/2018 10:21,3,201803010,0,3,1,4,,,,,2018,3,19,1021,10,21,52,10:21:52,19/03/2018
DSWP18,20180319_103855a,3/19/2018 10:38,3,201803011,,,,0,,,,,2018,3,19,1038,10,38,55,10:38:55,19/03/2018
DSWP18,20180319_105018a,3/19/2018 10:50,3,201803012,0,2,0,2,,,,,2018,3,19,1050,10,50,18,10:50:18,19/03/2018
DSWP18,20180319_110812a,3/19/2018 11:08,3,201803013,0,1,0,1,,,,,2018,3,19,118,11,8,12,11:08:12,19/03/2018
DSWP18,20180319_110945a,3/19/2018 11:09,3,201803014,0,1,1,2,,,,,2018,3,19,119,11,9,45,11:09:45,19/03/2018
DSWP18,20180319_112139a,3/19/2018 11:21,3,201803015,0,1,1,2,,,,,2018,3,19,1121,11,21,39,11:21:39,19/03/2018
DSWP18,20180319_112220a,3/19/2018 11:22,3,201803016,0,1,0,1,,,,,2018,3,19,1122,11,22,20,11:22:20,19/03/2018
DSWP18,20180319_112251a,3/19/2018 11:22,3,201803017,0,1,1,2,,,,,2018,3,19,1122,11,22,51,11:22:51,19/03/2018
DSWP18,20180319_120647a,3/19/2018 12:06,3,201803018,0,2,0,2,,,,,2018,3,19,126,12,6,47,12:06:47,19/03/2018
DSWP18,20180319_130918a_2,3/19/2018 13:09,3,201803019,0,2,1,3,,,,,2018,3,19,139,13,9,18,13:09:18,19/03/2018
DSWP18,20180319_133545a_2,3/19/2018 13:35,3,201803020,0,1,0,1,,,,,2018,3,19,1335,13,35,45,13:35:45,19/03/2018
DSWP18,20180319_134603a_2,3/19/2018 13:46,3,201803021,0,1,0,1,,,,,2018,3,19,1346,13,46,3,13:46:03,19/03/2018
DSWP18,20180319_135208a,3/19/2018 13:52,3,201803022,0,1,1,2,,,,,2018,3,19,1352,13,52,8,13:52:08,19/03/2018
DSWP18,20180319_135523a,3/19/2018 13:55,3,201803023,0,0,1,1,,,,,2018,3,19,1355,13,55,23,13:55:23,19/03/2018
DSWP18,20180319_135917a,3/19/2018 13:59,3,201803024,0,1,1,2,,,,,2018,3,19,1359,13,59,17,13:59:17,19/03/2018
DSWP18,20180319_140713a,3/19/2018 14:07,3,201803025,0,1,0,1,,,,,2018,3,19,147,14,7,13,14:07:13,19/03/2018
DSWP18,20180319_144003a,3/19/2018 14:40,3,201803026,0,1,0,1,,,,,2018,3,19,1440,14,40,3,14:40:03,19/03/2018
DSWP18,20180321_121214a,3/21/2018 12:12,5,201805001,0,1,0,1,,,,,2018,3,21,1212,12,12,14,12:12:14,21/03/2018
DSWP18,20180321_121454a,3/21/2018 12:14,5,201805002,0,1,0,1,,,,,2018,3,21,1214,12,14,54,12:14:54,21/03/2018
DSWP18,20180321_130733a,3/21/2018 13:07,5,201805003,0,2,0,2,,,,,2018,3,21,137,13,7,33,13:07:33,21/03/2018
DSWP18,20180321_134928a_2,3/21/2018 13:49,5,201805004,0,1,1,2,,,,,2018,3,21,1349,13,49,28,13:49:28,21/03/2018
DSWP18,20180321_135818a_2,3/21/2018 13:58,5,201805005,0,2,1,3,,,,,2018,3,21,1358,13,58,18,13:58:18,21/03/2018
DSWP18,20180321_142549a,3/21/2018 14:25,5,201805006,0,2,1,3,,,,,2018,3,21,1425,14,25,49,14:25:49,21/03/2018
DSWP18,20180321_151310a_2,3/21/2018 15:13,5,201805007,0,2,1,3,,,,,2018,3,21,1513,15,13,10,15:13:10,21/03/2018
DSWP18,20180321_151900a,3/21/2018 15:19,5,201805008,0,1,1,2,,,,,2018,3,21,1519,15,19,0,15:19:00,21/03/2018
DSWP18,20180321_151953a,3/21/2018 15:19,5,201805009,0,3,0,3,,,,,2018,3,21,1519,15,19,53,15:19:53,21/03/2018
DSWP18,20180321_153142a,3/21/2018 15:31,5,201805010,0,2,1,3,,,,,2018,3,21,1531,15,31,42,15:31:42,21/03/2018
DSWP18,20180321_155943a,3/21/2018 15:59,5,201805011,0,4,1,5,,,,,2018,3,21,1559,15,59,43,15:59:43,21/03/2018
DSWP18,20180321_162555a,3/21/2018 16:25,5,201805012,0,4,2,6,,,,,2018,3,21,1625,16,25,55,16:25:55,21/03/2018
DSWP18,20180321_163711a,3/21/2018 16:37,5,201805013,0,4,2,6,,,,,2018,3,21,1637,16,37,11,16:37:11,21/03/2018
DSWP18,20180323_091815a,3/23/2018 9:18,6,201806001,0,2,0,2,,,,,2018,3,23,918,9,18,15,9:18:15,23/03/2018
DSWP18,20180323_095358a,3/23/2018 9:53,6,201806002,0,1,0,1,,,,,2018,3,23,953,9,53,58,9:53:58,23/03/2018
DSWP18,20180323_101736a_2,3/23/2018 10:17,6,201806003,0,3,1,4,,,,,2018,3,23,1017,10,17,36,10:17:36,23/03/2018
DSWP18,20180323_111246a,3/23/2018 11:12,6,201806004,0,1,0,1,,,,,2018,3,23,1112,11,12,46,11:12:46,23/03/2018
DSWP18,20180323_112404a_2,3/23/2018 11:24,6,201806005,0,0,1,1,,,,,2018,3,23,1124,11,24,4,11:24:04,23/03/2018
DSWP18,20180323_121407a,3/23/2018 12:14,6,201806006,0,2,0,2,,,,,2018,3,23,1214,12,14,7,12:14:07,23/03/2018
DSWP18,20180323_122125a,3/23/2018 12:21,6,201806007,0,1,1,2,,,,,2018,3,23,1221,12,21,25,12:21:25,23/03/2018
DSWP18,20180323_131019a_2,3/23/2018 13:10,6,201806008,0,1,0,1,,,,,2018,3,23,1310,13,10,19,13:10:19,23/03/2018
DSWP18,20180323_131432a_2,3/23/2018 13:14,6,201806009,0,1,0,1,,,,,2018,3,23,1314,13,14,32,13:14:32,23/03/2018
DSWP18,20180323_140827a,3/23/2018 14:08,6,201806010,0,0,1,1,,,,,2018,3,23,148,14,8,27,14:08:27,23/03/2018
DSWP18,20180323_142755a,3/23/2018 14:27,6,201806011,0,1,1,2,,,,,2018,3,23,1427,14,27,55,14:27:55,23/03/2018
DSWP18,20180323_151827a,3/23/2018 15:18,6,201806012,0,1,1,2,,,,,2018,3,23,1518,15,18,27,15:18:27,23/03/2018
DSWP18,20180323_155251a,3/23/2018 15:52,6,201806013,0,1,0,1,,,,,2018,3,23,1552,15,52,51,15:52:51,23/03/2018
DSWP18,20180323_161811a,3/23/2018 16:18,6,201806014,0,2,0,2,,,,,2018,3,23,1618,16,18,11,16:18:11,23/03/2018
DSWP18,20180323_165126a_2,3/23/2018 16:51,6,201806015,0,1,0,1,,,,,2018,3,23,1651,16,51,26,16:51:26,23/03/2018
DSWP18,20180323_171623a_2,3/23/2018 17:16,6,201806016,0,1,0,1,,,,,2018,3,23,1716,17,16,23,17:16:23,23/03/2018
DSWP18,20180323_174334a_2,3/23/2018 17:43,6,201806017,0,1,0,1,,,,,2018,3,23,1743,17,43,34,17:43:34,23/03/2018
DSWP18,20180323_181039a_2,3/23/2018 18:10,6,201806018,0,1,0,1,,,,,2018,3,23,1810,18,10,39,18:10:39,23/03/2018
DSWP18,20180324_062404a,3/24/2018 6:24,6,201806019,0,1,0,1,,,,,2018,3,24,624,6,24,4,6:24:04,24/03/2018
DSWP18,20180324_063808a,3/24/2018 6:38,6,201806020,0,1,0,1,,,,,2018,3,24,638,6,38,8,6:38:08,24/03/2018
DSWP18,20180324_070338a_2,3/24/2018 7:03,6,201806021,0,0,1,1,,,,,2018,3,24,73,7,3,38,7:03:38,24/03/2018
DSWP18,20180324_072724a_2,3/24/2018 7:27,6,201806022,0,3,0,3,,,,,2018,3,24,727,7,27,24,7:27:24,24/03/2018
DSWP18,20180324_073157a_2,3/24/2018 7:31,6,201806023,0,1,0,1,,,,,2018,3,24,731,7,31,57,7:31:57,24/03/2018
DSWP18,20180324_092244a_2,3/24/2018 9:22,6,201806024,0,1,0,1,,,,,2018,3,24,922,9,22,44,9:22:44,24/03/2018
DSWP18,20180324_092437a_2,3/24/2018 9:24,6,201806025,0,1,0,1,,,,,2018,3,24,924,9,24,37,9:24:37,24/03/2018
DSWP18,20180324_093216a,3/24/2018 9:32,6,201806026,0,1,0,1,,,,,2018,3,24,932,9,32,16,9:32:16,24/03/2018
DSWP18,20180324_094840a,3/24/2018 9:48,6,201806027,0,0,1,1,,,,,2018,3,24,948,9,48,40,9:48:40,24/03/2018
DSWP18,20180324_095700a_2,3/24/2018 9:57,6,201806028,0,1,0,1,,,,,2018,3,24,957,9,57,0,9:57:00,24/03/2018
DSWP18,20180324_100534a,3/24/2018 10:05,6,201806029,0,1,0,1,,,,,2018,3,24,105,10,5,34,10:05:34,24/03/2018
DSWP18,20180324_102705a_2,3/24/2018 10:27,6,201806030,0,1,0,1,,,,,2018,3,24,1027,10,27,5,10:27:05,24/03/2018
DSWP18,20180324_103737a_2,3/24/2018 10:37,6,201806031,0,1,1?,1,,,,,2018,3,24,1037,10,37,37,10:37:37,24/03/2018
DSWP18,20180324_111527a,3/24/2018 11:15,6,201806032,0,1,0,1,,,,,2018,3,24,1115,11,15,27,11:15:27,24/03/2018
DSWP18,20180324_122043a,3/24/2018 12:20,6,201806033,0,1,0,1,,,,,2018,3,24,1220,12,20,43,12:20:43,24/03/2018
DSWP18,20180324_124911a,3/24/2018 12:49,6,201806034,0,1,0,1,,,,,2018,3,24,1249,12,49,11,12:49:11,24/03/2018
DSWP18,20180324_132615a,3/24/2018 13:26,6,201806035,0,1,1,2,,,,,2018,3,24,1326,13,26,15,13:26:15,24/03/2018
DSWP18,20180324_135047a,3/24/2018 13:50,6,201806036,0,1,0,1,,,,,2018,3,24,1350,13,50,47,13:50:47,24/03/2018
DSWP18,20180324_142333a,3/24/2018 14:23,6,201806037,0,1,0,1,,,,,2018,3,24,1423,14,23,33,14:23:33,24/03/2018
DSWP18,20180324_145110a,3/24/2018 14:51,6,201806038,0,1,0,1,,,,,2018,3,24,1451,14,51,10,14:51:10,24/03/2018
DSWP18,20180324_152138a,3/24/2018 15:21,6,201806039,0,1,0,1,,,,,2018,3,24,1521,15,21,38,15:21:38,24/03/2018
DSWP18,20180324_152944a,3/24/2018 15:29,6,201806040,0,2,1,3,,,,,2018,3,24,1529,15,29,44,15:29:44,24/03/2018
DSWP18,20180324_163430a,3/24/2018 16:34,6,201806041,0,1,0,1,,,,,2018,3,24,1634,16,34,30,16:34:30,24/03/2018
DSWP18,20180324_164358a,3/24/2018 16:43,6,201806042,0,2?,0,0,,,,,2018,3,24,1643,16,43,58,16:43:58,24/03/2018
DSWP18,20180324_170911a,3/24/2018 17:09,6,201806043,0,1?,1?,0,,,,,2018,3,24,179,17,9,11,17:09:11,24/03/2018
DSWP18,20180324_171613a,3/24/2018 17:16,6,201806044,0,2,0,2,,,,,2018,3,24,1716,17,16,13,17:16:13,24/03/2018
DSWP18,20180324_175345a,3/24/2018 17:53,6,201806045,0,1,0,1,,,,,2018,3,24,1753,17,53,45,17:53:45,24/03/2018
DSWP18,20180326_115234a,3/26/2018 11:52,8,201808001,1,0,0,1,,,,,2018,3,26,1152,11,52,34,11:52:34,26/03/2018
DSWP18,20180326_121229a,3/26/2018 12:12,8,201808002,1,0,0,1,,,,,2018,3,26,1212,12,12,29,12:12:29,26/03/2018
DSWP18,20180326_124727a,3/26/2018 12:47,8,201808003,1,0,0,1,,,,,2018,3,26,1247,12,47,27,12:47:27,26/03/2018
DSWP18,20180326_134627a,3/26/2018 13:46,8,201808004,1,0,0,1,,,,,2018,3,26,1346,13,46,27,13:46:27,26/03/2018
DSWP18,20180326_151011a,3/26/2018 15:10,8,201808005,1,0,0,1,,,,,2018,3,26,1510,15,10,11,15:10:11,26/03/2018
DSWP18,20180326_154236a,3/26/2018 15:42,8,201808006,1,0,0,1,,,,,2018,3,26,1542,15,42,36,15:42:36,26/03/2018
DSWP18,20180326_175612a,3/26/2018 17:56,9,201809001,0,1,0,1,,,,,2018,3,26,1756,17,56,12,17:56:12,26/03/2018
DSWP18,20180327_063809a,3/27/2018 6:38,10,201810001,0,1,1,2,,,,,2018,3,27,638,6,38,9,6:38:09,27/03/2018
DSWP18,20180327_064117a,3/27/2018 6:41,10,201810002,0,1,2,3,,,,,2018,3,27,641,6,41,17,6:41:17,27/03/2018
DSWP18,20180327_073321a,3/27/2018 7:33,10,201810003,0,2,2,4,,,,,2018,3,27,733,7,33,21,7:33:21,27/03/2018
DSWP18,20180327_084734a_2,3/27/2018 8:47,10,201810004,0,1,1,2,,,,,2018,3,27,847,8,47,34,8:47:34,27/03/2018
DSWP18,20180327_090748a_2,3/27/2018 9:07,10,201810005,0,1,0,1,,,,,2018,3,27,97,9,7,48,9:07:48,27/03/2018
DSWP18,20180327_100238a_2,3/27/2018 10:02,10,201810006,0,4,2,6,,,,,2018,3,27,102,10,2,38,10:02:38,27/03/2018
DSWP18,20180327_150049a,3/27/2018 15:00,10,201810007,0,2,1,3,,,,,2018,3,27,150,15,0,49,15:00:49,27/03/2018
DSWP18,20180327_151041a_2,3/27/2018 15:10,10,201810008,0,0,1,1,,,,,2018,3,27,1510,15,10,41,15:10:41,27/03/2018
DSWP18,20180327_151137a_2,3/27/2018 15:11,10,201810009,0,2,0,2,,,,,2018,3,27,1511,15,11,37,15:11:37,27/03/2018
DSWP18,20180327_155412a_2,3/27/2018 15:54,10,201810010,0,0,1,1,,,,,2018,3,27,1554,15,54,12,15:54:12,27/03/2018
DSWP18,20180327_160347a_2,3/27/2018 16:03,10,201810011,0,1,1,2,,,,,2018,3,27,163,16,3,47,16:03:47,27/03/2018
DSWP18,20180327_161522a_2,3/27/2018 16:15,10,201810012,0,1,1,2,,,,,2018,3,27,1615,16,15,22,16:15:22,27/03/2018
DSWP18,20180327_170112a_2,3/27/2018 17:01,10,201810013,0,1,0,1,,,,,2018,3,27,171,17,1,12,17:01:12,27/03/2018
DSWP18,20180327_172139a_2,3/27/2018 17:21,10,201810014,0,1,1,2,,,,,2018,3,27,1721,17,21,39,17:21:39,27/03/2018
DSWP18,20180327_180231a,3/27/2018 18:02,10,201810015,0,1,1,2,,,,,2018,3,27,182,18,2,31,18:02:31,27/03/2018
DSWP18,20180328_152917a,3/28/2018 15:29,12,201812001,0,1,0,1,,,,,2018,3,28,1529,15,29,17,15:29:17,28/03/2018
DSWP18,20180328_154810a,3/28/2018 15:48,12,201812002,0,1,1,2,,,,,2018,3,28,1548,15,48,10,15:48:10,28/03/2018
DSWP18,20180328_154929a,3/28/2018 15:49,12,201812003,0,0,1,1,,,,,2018,3,28,1549,15,49,29,15:49:29,28/03/2018
DSWP18,20180328_155130a,3/28/2018 15:51,12,201812004,0,1,1,2,,,,,2018,3,28,1551,15,51,30,15:51:30,28/03/2018
DSWP18,20180328_155437a,3/28/2018 15:54,12,201812005,0,0,1,1,,,,,2018,3,28,1554,15,54,37,15:54:37,28/03/2018
DSWP18,20180328_162611a,3/28/2018 16:26,12,201812006,0,1,0,1,,,,,2018,3,28,1626,16,26,11,16:26:11,28/03/2018
DSWP18,20180328_165129a,3/28/2018 16:51,12,201812007,0,1,0,1,,,,,2018,3,28,1651,16,51,29,16:51:29,28/03/2018
DSWP18,20180328_171854a,3/28/2018 17:18,12,201812008,0,1,1?,1,,,,,2018,3,28,1718,17,18,54,17:18:54,28/03/2018
DSWP18,20180328_174601a,3/28/2018 17:46,12,201812009,0,1,0,1,,,,,2018,3,28,1746,17,46,1,17:46:01,28/03/2018
DSWP18,20180328_181229a,3/28/2018 18:12,12,201812010,0,1,0,1,,,,,2018,3,28,1812,18,12,29,18:12:29,28/03/2018
DSWP18,20180330_081518a_2,3/30/2018 8:15,13,201813001,0,3,3,6,,,,,2018,3,30,815,8,15,18,8:15:18,30/03/2018
DSWP18,20180330_081738a,3/30/2018 8:17,13,201813002,0,1,3,4,,,,,2018,3,30,817,8,17,38,8:17:38,30/03/2018
DSWP18,20180330_083315a,3/30/2018 8:33,13,201813003,0,0,1,1,,,,,2018,3,30,833,8,33,15,8:33:15,30/03/2018
DSWP18,20180330_091433a,3/30/2018 9:14,13,201813004,0,1,0,1,,,,,2018,3,30,914,9,14,33,9:14:33,30/03/2018
DSWP18,20180330_092138a,3/30/2018 9:21,13,201813005,0,1,0,1,,,,,2018,3,30,921,9,21,38,9:21:38,30/03/2018
DSWP18,20180330_095119a,3/30/2018 9:51,13,201813006,0,0,1,1,,,,,2018,3,30,951,9,51,19,9:51:19,30/03/2018
DSWP18,20180330_100219a,3/30/2018 10:02,13,201813007,0,3,0,3,,,,,2018,3,30,102,10,2,19,10:02:19,30/03/2018
DSWP18,20180330_104258a_2,3/30/2018 10:42,13,201813008,0,0,2,2,,,,,2018,3,30,1042,10,42,58,10:42:58,30/03/2018
DSWP18,20180330_105651a_2,3/30/2018 10:56,13,201813009,0,0,1,1,,,,,2018,3,30,1056,10,56,51,10:56:51,30/03/2018
DSWP18,20180330_112712a_2,3/30/2018 11:27,13,201813010,0,1,2,3,,,,,2018,3,30,1127,11,27,12,11:27:12,30/03/2018
DSWP18,20180330_113608a_2,3/30/2018 11:36,13,201813011,0,0,1,1,,,,,2018,3,30,1136,11,36,8,11:36:08,30/03/2018
DSWP18,20180330_113835a_2,3/30/2018 11:38,13,201813012,0,0,4,4,,,,,2018,3,30,1138,11,38,35,11:38:35,30/03/2018
DSWP18,20180330_114755a,3/30/2018 11:47,13,201813013,0,1,0,1,,,,,2018,3,30,1147,11,47,55,11:47:55,30/03/2018
DSWP18,20180330_121432a_2,3/30/2018 12:14,13,201813014,0,5,4,9,,,,,2018,3,30,1214,12,14,32,12:14:32,30/03/2018
DSWP18,20180330_125047a,3/30/2018 12:50,13,201813015,0,0,3,3,,,,,2018,3,30,1250,12,50,47,12:50:47,30/03/2018
DSWP18,20180330_125430a,3/30/2018 12:54,13,201813016,0,0,1,1,,,,,2018,3,30,1254,12,54,30,12:54:30,30/03/2018
DSWP18,20180330_130139a_2,3/30/2018 13:01,13,201813017,0,1,1,2,,,,,2018,3,30,131,13,1,39,13:01:39,30/03/2018
DSWP18,20180330_131233a,3/30/2018 13:12,13,201813018,0,3,1,4,,,,,2018,3,30,1312,13,12,33,13:12:33,30/03/2018
DSWP18,20180330_133009a,3/30/2018 13:30,13,201813019,0,1,1,2,,,,,2018,3,30,1330,13,30,9,13:30:09,30/03/2018
DSWP18,20180330_134510a_2,3/30/2018 13:45,13,201813020,0,3,0,3,,,,,2018,3,30,1345,13,45,10,13:45:10,30/03/2018
DSWP18,20180330_140219a,3/30/2018 14:02,13,201813021,0,0,1,1,,,,,2018,3,30,142,14,2,19,14:02:19,30/03/2018
DSWP18,20180330_142011a,3/30/2018 14:20,13,201813022,0,1,1,2,,,,,2018,3,30,1420,14,20,11,14:20:11,30/03/2018
DSWP18,20180330_142945a,3/30/2018 14:29,13,201813023,0,1,1,2,,,,,2018,3,30,1429,14,29,45,14:29:45,30/03/2018
DSWP18,20180330_144141a,3/30/2018 14:41,13,201813024,0,1,1,2,,,,,2018,3,30,1441,14,41,41,14:41:41,30/03/2018
DSWP18,20180330_150936a,3/30/2018 15:09,13,201813025,0,1,0,1,,,,,2018,3,30,159,15,9,36,15:09:36,30/03/2018
DSWP18,20180330_154055a_2,3/30/2018 15:40,13,201813026,0,1,1,2,,,,,2018,3,30,1540,15,40,55,15:40:55,30/03/2018
DSWP18,20180330_161120a,3/30/2018 16:11,13,201813027,0,1,0,1,,,,,2018,3,30,1611,16,11,20,16:11:20,30/03/2018
DSWP18,20180330_165504a,3/30/2018 16:55,13,201813028,0,1,1,2,,,,,2018,3,30,1655,16,55,4,16:55:04,30/03/2018
DSWP18,20180330_170349a,3/30/2018 17:03,13,201813029,0,1,1,2,,,,,2018,3,30,173,17,3,49,17:03:49,30/03/2018
DSWP18,20180330_173755a,3/30/2018 17:37,13,201813030,0,2,0,2,,,,,2018,3,30,1737,17,37,55,17:37:55,30/03/2018
DSWP18,20180330_173904a_2,3/30/2018 17:39,13,201813031,0,1,1,2,,,,,2018,3,30,1739,17,39,4,17:39:04,30/03/2018
DSWP18,20180330_175425a,3/30/2018 17:54,13,201813032,0,1,1,2,,,,,2018,3,30,1754,17,54,25,17:54:25,30/03/2018
DSWP18,20180330_175458a,3/30/2018 17:54,13,201813033,0,0,2,2,,,,,2018,3,30,1754,17,54,58,17:54:58,30/03/2018
DSWP18,20180331_074024a,3/31/2018 7:40,14,201814001,0,1,0,1,,,,,2018,3,31,740,7,40,24,7:40:24,31/03/2018
DSWP18,20180331_082219a,3/31/2018 8:22,14,201814002,0,1,1,2,,,,,2018,3,31,822,8,22,19,8:22:19,31/03/2018
DSWP18,20180331_091757a,3/31/2018 9:17,14,201814003,0,1,0,1,,,,,2018,3,31,917,9,17,57,9:17:57,31/03/2018
DSWP18,20180331_094802a_2,3/31/2018 9:48,14,201814004,0,0,1,1,,,,,2018,3,31,948,9,48,2,9:48:02,31/03/2018
DSWP18,20180331_100716a_2,3/31/2018 10:07,14,201814005,0,2,1,3,,,,,2018,3,31,107,10,7,16,10:07:16,31/03/2018
DSWP18,20180331_123615a_2,3/31/2018 12:36,14,201814006,0,2,1,3,,,,,2018,3,31,1236,12,36,15,12:36:15,31/03/2018
DSWP18,20180331_132822a_2,3/31/2018 13:28,14,201814007,0,1,0,1,,,,,2018,3,31,1328,13,28,22,13:28:22,31/03/2018
DSWP18,20180331_135241a_2,3/31/2018 13:52,14,201814008,0,0,1,1,,,,,2018,3,31,1352,13,52,41,13:52:41,31/03/2018
DSWP18,20180331_140750a_2,3/31/2018 14:07,14,201814009,0,1,0,1,,,,,2018,3,31,147,14,7,50,14:07:50,31/03/2018
DSWP18,20180331_142240a_2,3/31/2018 14:22,14,201814010,0,2,0,2,,,,,2018,3,31,1422,14,22,40,14:22:40,31/03/2018
DSWP18,20180331_153008a_2,3/31/2018 15:30,14,201814011,0,2,2,4,,,,,2018,3,31,1530,15,30,8,15:30:08,31/03/2018
DSWP18,20180331_153244a_2,3/31/2018 15:32,14,201814012,0,2,2,4,,,,,2018,3,31,1532,15,32,44,15:32:44,31/03/2018
DSWP18,20180331_153315a,3/31/2018 15:33,14,201814011,0,2,2,4,,,,,2018,3,31,1533,15,33,15,15:33:15,31/03/2018
DSWP18,20180331_153320a_2,3/31/2018 15:33,14,201814012,0,2,2,4,,,,,2018,3,31,1533,15,33,20,15:33:20,31/03/2018
DSWP18,20180331_153327a,3/31/2018 15:33,14,201814011,0,2,2,4,,,,,2018,3,31,1533,15,33,27,15:33:27,31/03/2018
DSWP18,20180331_153329a_2,3/31/2018 15:33,14,201814012,0,2,2,4,,,,,2018,3,31,1533,15,33,29,15:33:29,31/03/2018
DSWP18,20180331_153331a,3/31/2018 15:33,14,201814011,0,2,2,4,,,,,2018,3,31,1533,15,33,31,15:33:31,31/03/2018
DSWP18,20180331_153357a_2,3/31/2018 15:33,14,201814012,0,2,2,4,,,,,2018,3,31,1533,15,33,57,15:33:57,31/03/2018
DSWP18,20180331_153416a,3/31/2018 15:34,14,201814011,0,2,2,4,,,,,2018,3,31,1534,15,34,16,15:34:16,31/03/2018
DSWP18,20180331_154121a,3/31/2018 15:41,14,201814013,0,0,2,2,,,,,2018,3,31,1541,15,41,21,15:41:21,31/03/2018
DSWP18,20180331_163149a,3/31/2018 16:31,14,201814014,0,2,0,2,,,,,2018,3,31,1631,16,31,49,16:31:49,31/03/2018
DSWP18,20180331_172549a_2,3/31/2018 17:25,14,201814015,0,2,2,4,,,,,2018,3,31,1725,17,25,49,17:25:49,31/03/2018
DSWP18,20180402_092153a,4/2/2018 9:21,15,201815001,0,1,1,2,,,,,2018,4,2,921,9,21,53,9:21:53,2/4/2018
DSWP18,20180402_093101a_2,4/2/2018 9:31,15,201815002,0,1,1,2,,,,,2018,4,2,931,9,31,1,9:31:01,2/4/2018
DSWP18,20180402_102410a_2,4/2/2018 10:24,15,201815003,0,1,1,2,,,,,2018,4,2,1024,10,24,10,10:24:10,2/4/2018
DSWP18,20180402_103200a,4/2/2018 10:32,15,201815004,0,1,0,1,,,,,2018,4,2,1032,10,32,0,10:32:00,2/4/2018
DSWP18,20180402_105422a,4/2/2018 10:54,15,201815005,0,1,0,1,,,,,2018,4,2,1054,10,54,22,10:54:22,2/4/2018
DSWP18,20180402_110844a,4/2/2018 11:08,15,201815006,0,1,0,1,,,,,2018,4,2,118,11,8,44,11:08:44,2/4/2018
DSWP18,20180402_111851a_2,4/2/2018 11:18,15,201815007,0,1,1,2,,,,,2018,4,2,1118,11,18,51,11:18:51,2/4/2018
DSWP18,20180402_112137a_2,4/2/2018 11:21,15,201815008,0,1,0,1,,,,,2018,4,2,1121,11,21,37,11:21:37,2/4/2018
DSWP18,20180402_112829a_2,4/2/2018 11:28,15,201815009,0,1,0,1,,,,,2018,4,2,1128,11,28,29,11:28:29,2/4/2018
DSWP18,20180402_120422a,4/2/2018 12:04,15,201815010,0,1,1,2,,,,,2018,4,2,124,12,4,22,12:04:22,2/4/2018
DSWP18,20180402_122647a,4/2/2018 12:26,15,201815011,0,0,1,1,,,,,2018,4,2,1226,12,26,47,12:26:47,2/4/2018
DSWP18,20180402_123808a,4/2/2018 12:38,15,201815012,0,1,0,1,,,,,2018,4,2,1238,12,38,8,12:38:08,2/4/2018
DSWP18,20180402_134416a,4/2/2018 13:44,15,201815013,0,1,1,2,,,,,2018,4,2,1344,13,44,16,13:44:16,2/4/2018
DSWP18,20180402_142748a,4/2/2018 14:27,15,201815014,0,1,1,2,,,,,2018,4,2,1427,14,27,48,14:27:48,2/4/2018
DSWP18,20180402_143651a,4/2/2018 14:36,15,201815015,0,0,1,1,,,,,2018,4,2,1436,14,36,51,14:36:51,2/4/2018
DSWP18,20180410_122818a_2,4/10/2018 12:28,16,201816001,0,1,0,1,,,,,2018,4,10,1228,12,28,18,12:28:18,10/4/2018
DSWP18,20180410_143652a_2,4/10/2018 14:36,16,201816002,0,1,3,4,,,,,2018,4,10,1436,14,36,52,14:36:52,10/4/2018
DSWP18,20180410_150055a_2,4/10/2018 15:00,16,201816003,0,3,0,3,,,,,2018,4,10,150,15,0,55,15:00:55,10/4/2018
DSWP18,20180410_152210a,4/10/2018 15:22,16,201816004,0,0,1,1,,,,,2018,4,10,1522,15,22,10,15:22:10,10/4/2018
DSWP18,20180413_112024a_2,4/13/2018 11:20,17,201817001,0,2,0,2,,,,,2018,4,13,1120,11,20,24,11:20:24,13/04/2018
DSWP18,20180413_121155a_2,4/13/2018 12:11,17,201817002,0,1,0,1,,,,,2018,4,13,1211,12,11,55,12:11:55,13/04/2018
DSWP18,20180413_121916a_2,4/13/2018 12:19,17,201817003,0,1,0,1,,,,,2018,4,13,1219,12,19,16,12:19:16,13/04/2018
DSWP18,20180413_141451a_2,4/13/2018 14:14,17,201817004,0,1,0,1,,,,,2018,4,13,1414,14,14,51,14:14:51,13/04/2018
DSWP18,20180413_143708a_2,4/13/2018 14:37,17,201817005,0,1,0,1,,,,,2018,4,13,1437,14,37,8,14:37:08,13/04/2018
DSWP18,20180413_145724a_2,4/13/2018 14:57,17,201817006,0,2,0,2,,,,,2018,4,13,1457,14,57,24,14:57:24,13/04/2018
DSWP18,20180413_153144a_2,4/13/2018 15:31,17,201817007,0,1,0,1,,,,,2018,4,13,1531,15,31,44,15:31:44,13/04/2018
DSWP18,20180413_163126a_2,4/13/2018 16:31,17,201817008,0,1,0,1,,,,,2018,4,13,1631,16,31,26,16:31:26,13/04/2018
DSWP18,20180413_165126a_2,4/13/2018 16:51,17,201817009,0,1,0,1,,,,,2018,4,13,1651,16,51,26,16:51:26,13/04/2018
DSWP18,20180413_172231a_2,4/13/2018 17:22,17,201817010,0,1,0,1,,,,,2018,4,13,1722,17,22,31,17:22:31,13/04/2018
DSWP18,20180413_174232a_2,4/13/2018 17:42,17,201817011,0,1,0,1,,,,,2018,4,13,1742,17,42,32,17:42:32,13/04/2018
DSWP18,20180414_131414a_2,4/14/2018 13:14,19,201819001,0,1,1,2,,,,,2018,4,14,1314,13,14,14,13:14:14,14/04/2018
DSWP18,20180414_131751a_2,4/14/2018 13:17,19,201819002,0,0,1,1,,,,,2018,4,14,1317,13,17,51,13:17:51,14/04/2018
DSWP18,20180414_133521a_2,4/14/2018 13:35,19,201819003,0,1,0,1,,,,,2018,4,14,1335,13,35,21,13:35:21,14/04/2018
DSWP18,20180414_135636a_2,4/14/2018 13:56,19,201819004,0,1,1,2,,,,,2018,4,14,1356,13,56,36,13:56:36,14/04/2018
DSWP18,20180414_140742a_2,4/14/2018 14:07,19,201819005,0,0,1,1,,,,,2018,4,14,147,14,7,42,14:07:42,14/04/2018
DSWP18,20180414_142553a_2,4/14/2018 14:25,19,201819006,0,1,0,1,,,,,2018,4,14,1425,14,25,53,14:25:53,14/04/2018
DSWP18,20180414_142601a_2,4/14/2018 14:26,19,201819007,0,1,0,1,,,,,2018,4,14,1426,14,26,1,14:26:01,14/04/2018
DSWP18,20180414_144744a_2,4/14/2018 14:47,19,201819008,0,1,1,2,,,,,2018,4,14,1447,14,47,44,14:47:44,14/04/2018
DSWP18,20180414_145414a_2,4/14/2018 14:54,19,201819009,0,0,1,1,,,,,2018,4,14,1454,14,54,14,14:54:14,14/04/2018
DSWP18,20180414_150720a_2,4/14/2018 15:07,19,201819010,0,0,1,1,,,,,2018,4,14,157,15,7,20,15:07:20,14/04/2018
DSWP18,20180414_151350a_2,4/14/2018 15:13,19,201819011,0,1,0,1,,,,,2018,4,14,1513,15,13,50,15:13:50,14/04/2018
DSWP18,20180414_151548a,4/14/2018 15:15,19,201819012,0,1,0,1,,,,,2018,4,14,1515,15,15,48,15:15:48,14/04/2018
DSWP18,20180414_152216a_2,4/14/2018 15:22,19,201819013,0,1,0,1,,,,,2018,4,14,1522,15,22,16,15:22:16,14/04/2018
DSWP18,20180414_153620a_2,4/14/2018 15:36,19,201819014,0,1,1,2,,,,,2018,4,14,1536,15,36,20,15:36:20,14/04/2018
DSWP18,20180414_153655a_2,4/14/2018 15:36,19,201819015,0,0,1,1,,,,,2018,4,14,1536,15,36,55,15:36:55,14/04/2018
DSWP18,20180414_161344a_2,4/14/2018 16:13,19,201819016,0,1,1,2,,,,,2018,4,14,1613,16,13,44,16:13:44,14/04/2018
DSWP18,20180415_070704a,4/15/2018 7:07,20,201820001,0,1,0,1,,,,,2018,4,15,77,7,7,4,7:07:04,15/04/2018
DSWP18,20180415_090736a,4/15/2018 9:07,20,201820002,0,1,0,1,,,,,2018,4,15,97,9,7,36,9:07:36,15/04/2018
DSWP18,20180415_101903a,4/15/2018 10:19,20,201820003,0,0,1,1,,,,,2018,4,15,1019,10,19,3,10:19:03,15/04/2018
DSWP18,20180415_104801a,4/15/2018 10:48,20,201820004,0,1,0,1,,,,,2018,4,15,1048,10,48,1,10:48:01,15/04/2018
DSWP18,20180415_114516a_2,4/15/2018 11:45,20,201820005,0,1,0,1,,,,,2018,4,15,1145,11,45,16,11:45:16,15/04/2018
DSWP18,20180415_141848a_2,4/15/2018 14:18,20,201820006,0,1,0,1,,,,,2018,4,15,1418,14,18,48,14:18:48,15/04/2018
DSWP18,20180415_143644a,4/15/2018 14:36,20,201820007,0,2,2,4,,,,,2018,4,15,1436,14,36,44,14:36:44,15/04/2018
DSWP18,20180418_064040a_2,4/18/2018 6:40,21,201821001,0,1,1,2,,,,,2018,4,18,640,6,40,40,6:40:40,18/04/2018
DSWP18,20180418_071945a_2,4/18/2018 7:19,21,201821002,0,0,1,1,,,,,2018,4,18,719,7,19,45,7:19:45,18/04/2018
DSWP18,20180418_072614a_2,4/18/2018 7:26,21,201821003,0,1,1,2,,,,,2018,4,18,726,7,26,14,7:26:14,18/04/2018
DSWP18,20180418_082338a_2,4/18/2018 8:23,21,201821004,0,2,1,3,,,,,2018,4,18,823,8,23,38,8:23:38,18/04/2018
DSWP18,20180418_091932a_2,4/18/2018 9:19,21,201821005,0,1,0,1,,,,,2018,4,18,919,9,19,32,9:19:32,18/04/2018
DSWP18,20180418_092655a_2,4/18/2018 9:26,21,201821006,0,1,0,1,,,,,2018,4,18,926,9,26,55,9:26:55,18/04/2018
DSWP18,20180418_112433a_2,4/18/2018 11:24,21,201821007,0,1,0,1,,,,,2018,4,18,1124,11,24,33,11:24:33,18/04/2018
DSWP18,20180418_113943a_2,4/18/2018 11:39,21,201821008,0,1,0,1,,,,,2018,4,18,1139,11,39,43,11:39:43,18/04/2018
DSWP18,20180418_131918a,4/18/2018 13:19,21,201821009,0,2,0,2,,,,,2018,4,18,1319,13,19,18,13:19:18,18/04/2018
DSWP18,20180418_132106a_2,4/18/2018 13:21,21,201821010,0,1,0,1,,,,,2018,4,18,1321,13,21,6,13:21:06,18/04/2018
DSWP18,20180418_142218a_2,4/18/2018 14:22,21,201821011,0,2,1,3,,,,,2018,4,18,1422,14,22,18,14:22:18,18/04/2018
DSWP18,20180423_095152a_2,4/23/2018 9:51,22,201822001,1,0,0,1,,,,,2018,4,23,951,9,51,52,9:51:52,23/04/2018
DSWP18,20180423_105657a_2,4/23/2018 10:56,22,201822002,1,0,0,1,,,,,2018,4,23,1056,10,56,57,10:56:57,23/04/2018
DSWP18,20180423_114259a_2,4/23/2018 11:42,22,201822003,1,0,0,1,,,,,2018,4,23,1142,11,42,59,11:42:59,23/04/2018
DSWP18,20180423_121658a_2,4/23/2018 12:16,22,201822004,1,0,0,1,,,,,2018,4,23,1216,12,16,58,12:16:58,23/04/2018
DSWP18,20180423_131639a_2,4/23/2018 13:16,22,201822005,1,0,0,1,,,,,2018,4,23,1316,13,16,39,13:16:39,23/04/2018
DSWP18,20180423_145352a_2,4/23/2018 14:53,22,201822006,1,0,0,1,,,,,2018,4,23,1453,14,53,52,14:53:52,23/04/2018
DSWP18,20180423_153100a_2,4/23/2018 15:31,22,201822007,1,0,0,1,,,,,2018,4,23,1531,15,31,0,15:31:00,23/04/2018
DSWP18,20180429_100256a,4/29/2018 10:02,23,201823001,1,0,0,1,,,,,2018,4,29,102,10,2,56,10:02:56,29/04/2018
DSWP18,20180501_131820a,5/1/2018 13:18,24,201824001,1,0,0,1,,,,,2018,5,1,1318,13,18,20,13:18:20,1/5/2018
DSWP18,20180501_134114a,5/1/2018 13:41,24,201824002,1,0,0,1,,,,,2018,5,1,1341,13,41,14,13:41:14,1/5/2018
DSWP18,20180501_135413a_Fabien,5/1/2018 13:54,24,201824003,1,0,0,1,,,,,2018,5,1,1354,13,54,13,13:54:13,1/5/2018
DSWP18,20180501_141345a,5/1/2018 14:13,24,201824004,1,0,0,1,,,,,2018,5,1,1413,14,13,45,14:13:45,1/5/2018
DSWP18,20180501_153205a_Fabien,5/1/2018 15:32,24,201824005,1,0,0,1,,,,,2018,5,1,1532,15,32,5,15:32:05,1/5/2018
DSWP18,20180502_091235a,5/2/2018 9:12,25,201825001,1,0,0,1,,,,,2018,5,2,912,9,12,35,9:12:35,2/5/2018
DSWP18,20180502_095353a,5/2/2018 9:53,25,201825002,1,0,0,1,,,,,2018,5,2,953,9,53,53,9:53:53,2/5/2018
DSWP18,20180502_111134a,5/2/2018 11:11,25,201825003,1,0,0,1,,,,,2018,5,2,1111,11,11,34,11:11:34,2/5/2018
DSWP18,20180502_112837a,5/2/2018 11:28,25,201825004,1,1,0,2,,,,,2018,5,2,1128,11,28,37,11:28:37,2/5/2018
DSWP18,20180502_113108a,5/2/2018 11:31,25,201825005,1,0,0,1,,,,,2018,5,2,1131,11,31,8,11:31:08,2/5/2018
DSWP18,20180502_134052a,5/2/2018 13:40,25,201825006,1,0,0,1,,,,,2018,5,2,1340,13,40,52,13:40:52,2/5/2018
DSWP18,20180502_142838a,5/2/2018 14:28,25,201825007,1,0,0,1,,,,,2018,5,2,1428,14,28,38,14:28:38,2/5/2018
DSWP18,20180504_182117a_2,5/4/2018 18:21,26,201826001,0,2,0,2,,,,,2018,5,4,1821,18,21,17,18:21:17,4/5/2018
DSWP18,20180508_073827a_2,5/8/2018 7:38,27,201827001,0,1,0,1,,,,,2018,5,8,738,7,38,27,7:38:27,8/5/2018
DSWP18,20180508_144036a,5/8/2018 14:40,28,201828001,0,2,0,2,,,,,2018,5,8,1440,14,40,36,14:40:36,8/5/2018
DSWP18,20180508_151229a,5/8/2018 15:12,28,201828002,0,2,0,2,,,,,2018,5,8,1512,15,12,29,15:12:29,8/5/2018
DSWP18,20180508_161354a,5/8/2018 16:13,28,201828003,0,2,1,3,,,,,2018,5,8,1613,16,13,54,16:13:54,8/5/2018
DSWP18,20180508_181211a_2,5/8/2018 18:12,28,201828004,0,4,0,4,,,,,2018,5,8,1812,18,12,11,18:12:11,8/5/2018
DSWP18,20180509_171538a,5/9/2018 17:15,30,201830001,0,2,1,3,,,,,2018,5,9,1715,17,15,38,17:15:38,9/5/2018
DSWP18,20180509_172814a_2,5/9/2018 17:28,30,201830002,0,0,1,1,,,,,2018,5,9,1728,17,28,14,17:28:14,9/5/2018
DSWP18,20180509_172845a_2,5/9/2018 17:28,30,201830003,0,1,0,1,,,,,2018,5,9,1728,17,28,45,17:28:45,9/5/2018
DSWP18,20180509_173002a_2,5/9/2018 17:30,30,201830004,0,0,1,1,,,,,2018,5,9,1730,17,30,2,17:30:02,9/5/2018
DSWP18,20180509_181801a_2,5/9/2018 18:18,30,201830005,0,1,1,2,,,,,2018,5,9,1818,18,18,1,18:18:01,9/5/2018
DSWP18,20180510_133351a_2,5/10/2018 13:33,31,201831001,0,1,1,2,,,,,2018,5,10,1333,13,33,51,13:33:51,10/5/2018
DSWP18,20180510_134700a_2,5/10/2018 13:47,31,201831002,0,1,1,2,,,,,2018,5,10,1347,13,47,0,13:47:00,10/5/2018
DSWP18,20180510_142727a_2,5/10/2018 14:27,31,201831003,0,1,2,3,,,,,2018,5,10,1427,14,27,27,14:27:27,10/5/2018
DSWP18,20180510_144524a_2,5/10/2018 14:45,31,201831004,0,1,0,1,,,,,2018,5,10,1445,14,45,24,14:45:24,10/5/2018
DSWP18,20180510_150537a_2,5/10/2018 15:05,31,201831005,0,1,0,1,,,,,2018,5,10,155,15,5,37,15:05:37,10/5/2018
DSWP18,20180510_152726a_2,5/10/2018 15:27,31,201831006,0,1,1,2,,,,,2018,5,10,1527,15,27,26,15:27:26,10/5/2018
DSWP18,20180510_155256a_2,5/10/2018 15:52,31,201831007,0,1,0,1,,,,,2018,5,10,1552,15,52,56,15:52:56,10/5/2018
DSWP18,20180510_162159a,5/10/2018 16:21,31,201831008,0,1,1,2,,,,,2018,5,10,1621,16,21,59,16:21:59,10/5/2018
DSWP18,20180510_163940a_2,5/10/2018 16:39,31,201831009,0,1,1,2,,,,,2018,5,10,1639,16,39,40,16:39:40,10/5/2018
DSWP18,20180510_172016a,5/10/2018 17:20,31,201831010,0,1,1,2,,,,,2018,5,10,1720,17,20,16,17:20:16,10/5/2018
DSWP18,20180510_172447a,5/10/2018 17:24,31,201831011,0,1,0,1,,,,,2018,5,10,1724,17,24,47,17:24:47,10/5/2018
DSWP18,20180510_173319a_2,5/10/2018 17:33,31,201831012,0,1,0,1,,,,,2018,5,10,1733,17,33,19,17:33:19,10/5/2018
DSWP18,20180510_182330a,5/10/2018 18:23,31,201831013,0,1,0,1,,,,,2018,5,10,1823,18,23,30,18:23:30,10/5/2018
DSWP18,20180511_061450a_2,5/11/2018 6:14,31,201831014,0,1,1,2,,,,,2018,5,11,614,6,14,50,6:14:50,11/5/2018
DSWP18,20180511_063529a,5/11/2018 6:35,31,201831015,0,1,1,2,,,,,2018,5,11,635,6,35,29,6:35:29,11/5/2018
DSWP18,20180511_072037a_2,5/11/2018 7:20,31,201831016,0,1,1,2,,,,,2018,5,11,720,7,20,37,7:20:37,11/5/2018
DSWP18,20180511_082639a_2,5/11/2018 8:26,31,201831017,0,1,1,2,,,,,2018,5,11,826,8,26,39,8:26:39,11/5/2018
DSWP18,20180511_093058a,5/11/2018 9:30,31,201831018,0,1,0,1,,,,,2018,5,11,930,9,30,58,9:30:58,11/5/2018
DSWP18,20180511_102049a,5/11/2018 10:20,31,201831019,0,6,2,8,,,,,2018,5,11,1020,10,20,49,10:20:49,11/5/2018
DSWP18,20180511_115532a,5/11/2018 11:55,31,201831020,0,1,0,1,,,,,2018,5,11,1155,11,55,32,11:55:32,11/5/2018
DSWP18,20180511_120213a,5/11/2018 12:02,31,201831021,0,1,0,1,,,,,2018,5,11,122,12,2,13,12:02:13,11/5/2018
DSWP18,20180511_121733a,5/11/2018 12:17,31,201831022,0,1,1,2,,,,,2018,5,11,1217,12,17,33,12:17:33,11/5/2018
DSWP18,20180511_133038a,5/11/2018 13:30,31,201831023,0,1,0,1,,,,,2018,5,11,1330,13,30,38,13:30:38,11/5/2018
DSWP18,20180511_142353a,5/11/2018 14:23,31,201831024,0,1,0,1,,,,,2018,5,11,1423,14,23,53,14:23:53,11/5/2018
DSWP18,20180511_151443a_2,5/11/2018 15:14,31,201831025,0,1,0,1,,,,,2018,5,11,1514,15,14,43,15:14:43,11/5/2018
DSWP18,20180511_153124a_2,5/11/2018 15:31,31,201831026,0,1,0,1,,,,,2018,5,11,1531,15,31,24,15:31:24,11/5/2018
DSWP18,20180511_153852a,5/11/2018 15:38,31,201831027,0,1,0,1,,,,,2018,5,11,1538,15,38,52,15:38:52,11/5/2018
DSWP18,20180511_163213a_2,5/11/2018 16:32,31,201831028,0,2,0,2,,,,,2018,5,11,1632,16,32,13,16:32:13,11/5/2018
DSWP18,20180511_172543a,5/11/2018 17:25,31,201831029,0,1,0,1,,,,,2018,5,11,1725,17,25,43,17:25:43,11/5/2018
DSWP18,20180511_180849a_2,5/11/2018 18:08,31,201831030,0,1,0,1,,,,,2018,5,11,188,18,8,49,18:08:49,11/5/2018
DSWP18,20180511_181748a_2,5/11/2018 18:17,31,201831031,0,1,0,1,,,,,2018,5,11,1817,18,17,48,18:17:48,11/5/2018
DSWP18,20180512_130444a_2,5/12/2018 13:04,32,201832001,0,1,2,3,,,,,2018,5,12,134,13,4,44,13:04:44,12/5/2018
DSWP18,20180512_130629a_2,5/12/2018 13:06,32,201832002,0,0,1,1,,,,,2018,5,12,136,13,6,29,13:06:29,12/5/2018
DSWP18,20180512_135947a_2,5/12/2018 13:59,32,201832003,0,1,1,2,,,,,2018,5,12,1359,13,59,47,13:59:47,12/5/2018
DSWP18,20180513_082924a_2,5/13/2018 8:29,33,201833001,0,1,1,2,,,,,2018,5,13,829,8,29,24,8:29:24,13/05/2018
DSWP18,20180513_082927a_2,5/13/2018 8:29,33,201833002,0,1,1,2,,,,,2018,5,13,829,8,29,27,8:29:27,13/05/2018
DSWP18,20180513_092300a_2,5/13/2018 9:23,33,201833003,0,2,2,4,,,,,2018,5,13,923,9,23,0,9:23:00,13/05/2018
DSWP18,20180513_112727a_2,5/13/2018 11:27,33,201833004,0,2,2,4,,,,,2018,5,13,1127,11,27,27,11:27:27,13/05/2018
DSWP18,20180513_132233a_2,5/13/2018 13:22,33,201833005,0,3?,0?,0,,,,,2018,5,13,1322,13,22,33,13:22:33,13/05/2018
DSWP18,20180513_132937a_2,5/13/2018 13:29,33,201833006,0,0,1,1,,,,,2018,5,13,1329,13,29,37,13:29:37,13/05/2018
DSWP18,20180513_141949a_2,5/13/2018 14:19,33,201833007,0,1,0,1,,,,,2018,5,13,1419,14,19,49,14:19:49,13/05/2018
DSWP18,20180513_150223a,5/13/2018 15:02,33,201833008,0,0,1,1,,,,,2018,5,13,152,15,2,23,15:02:23,13/05/2018
DSWP18,20180513_151119a_2,5/13/2018 15:11,33,201833009,0,1,0,1,,,,,2018,5,13,1511,15,11,19,15:11:19,13/05/2018
DSWP18,20180513_151920a,5/13/2018 15:19,33,201833010,0,3,2,5,,,,,2018,5,13,1519,15,19,20,15:19:20,13/05/2018
DSWP18,20180513_155839a_2,5/13/2018 15:58,33,201833011,0,1,0,1,,,,,2018,5,13,1558,15,58,39,15:58:39,13/05/2018
DSWP18,20180513_161747a,5/13/2018 16:17,33,201833010,0,3,2,5,,,,,2018,5,13,1617,16,17,47,16:17:47,13/05/2018
DSWP18,20180513_173032a,5/13/2018 17:30,33,201833012,0,4,2,6,,,,,2018,5,13,1730,17,30,32,17:30:32,13/05/2018
DSWP18,20180514_082413a_2,5/14/2018 8:24,33,201833014,0,1,1,2,,,,,2018,5,14,824,8,24,13,8:24:13,14/05/2018
DSWP18,20180514_091406a_2,5/14/2018 9:14,33,201833015,0,2,1,3,,,,,2018,5,14,914,9,14,6,9:14:06,14/05/2018
DSWP18,20180514_102100a_2,5/14/2018 10:21,33,201833016,0,2,2,4,,,,,2018,5,14,1021,10,21,0,10:21:00,14/05/2018
DSWP18,20180514_102256a_2,5/14/2018 10:22,33,201833017,0,0,2,2,,,,,2018,5,14,1022,10,22,56,10:22:56,14/05/2018
DSWP18,20180514_112340a_2,5/14/2018 11:23,33,201833018,0,2,2,4,,,,,2018,5,14,1123,11,23,40,11:23:40,14/05/2018
DSWP18,20180514_112519a_2,5/14/2018 11:25,33,201833019,0,0,2,2,,,,,2018,5,14,1125,11,25,19,11:25:19,14/05/2018
DSWP18,20180514_113307a_2,5/14/2018 11:33,33,201833020,0,1,0,1,,,,,2018,5,14,1133,11,33,7,11:33:07,14/05/2018
DSWP18,20180514_122001a_2,5/14/2018 12:20,33,201833021,0,2,2,4,,,,,2018,5,14,1220,12,20,1,12:20:01,14/05/2018
DSWP18,20180514_122637a_2,5/14/2018 12:26,33,201833022,0,0,1,1,,,,,2018,5,14,1226,12,26,37,12:26:37,14/05/2018
DSWP18,20180514_132045a_2,5/14/2018 13:20,33,201833023,0,1,0,1,,,,,2018,5,14,1320,13,20,45,13:20:45,14/05/2018
DSWP18,20180514_142330a_2,5/14/2018 14:23,33,201833024,0,2,2,4,,,,,2018,5,14,1423,14,23,30,14:23:30,14/05/2018
DSWP18,20180514_152025a_2,5/14/2018 15:20,33,201833025,0,1,1,2,,,,,2018,5,14,1520,15,20,25,15:20:25,14/05/2018
DSWP18,20180514_152412a,5/14/2018 15:24,33,201833027,0,1,1,2,,,,,2018,5,14,1524,15,24,12,15:24:12,14/05/2018
DSWP18,20180514_152419a_2,5/14/2018 15:24,33,201833026,0,0,1,1,,,,,2018,5,14,1524,15,24,19,15:24:19,14/05/2018
DSWP18,20180514_153135a,5/14/2018 15:31,33,201833028,0,0,1,1,,,,,2018,5,14,1531,15,31,35,15:31:35,14/05/2018
DSWP18,20180514_181107a_2,5/14/2018 18:11,33,201833029,0,1,0,1,,,,,2018,5,14,1811,18,11,7,18:11:07,14/05/2018
DSWP18,20180514_181947a_2,5/14/2018 18:19,33,201833030,0,1,1,2,,,,,2018,5,14,1819,18,19,47,18:19:47,14/05/2018
DSWP18,20180514_182023a_2,5/14/2018 18:20,33,201833031,0,1,1,2,,,,,2018,5,14,1820,18,20,23,18:20:23,14/05/2018
DSWP18,20180515_114318a_2,5/15/2018 11:43,34,201834001,1,0,0,1,,,,,2018,5,15,1143,11,43,18,11:43:18,15/05/2018
DSWP18,20180515_134244a_2,5/15/2018 13:42,34,201834002,1,0,0,1,,,,,2018,5,15,1342,13,42,44,13:42:44,15/05/2018
DSWP18,20180515_141945a_2,5/15/2018 14:19,34,201834003,1,1,0,2,,,,,2018,5,15,1419,14,19,45,14:19:45,15/05/2018
DSWP18,20180515_151928a_2,5/15/2018 15:19,34,201834004,0,0,1,1,,,,,2018,5,15,1519,15,19,28,15:19:28,15/05/2018
DSWP18,20180515_152800a_2,5/15/2018 15:28,34,201834005,0,2,2,4,,,,,2018,5,15,1528,15,28,0,15:28:00,15/05/2018
DSWP18,20180515_153953a_2,5/15/2018 15:39,34,201834006,0,0,1,1,,,,,2018,5,15,1539,15,39,53,15:39:53,15/05/2018
DSWP18,20180515_171302a_2,5/15/2018 17:13,34,201834007,0,1,0,1,,,,,2018,5,15,1713,17,13,2,17:13:02,15/05/2018
DSWP18,20180515_171733a_2,5/15/2018 17:17,34,201834008,1,0,0,1,,,,,2018,5,15,1717,17,17,33,17:17:33,15/05/2018
DSWP18,20180515_173923a,5/15/2018 17:39,34,201834009,1,0,0,1,,,,,2018,5,15,1739,17,39,23,17:39:23,15/05/2018
DSWP18,20180516_062733a_2,5/16/2018 6:27,34,201834010,0,1,1,2,,,,,2018,5,16,627,6,27,33,6:27:33,16/05/2018
DSWP18,20180516_070932a_2,5/16/2018 7:09,34,201834011,0,0,1,1,,,,,2018,5,16,79,7,9,32,7:09:32,16/05/2018
DSWP18,20180516_072008a_2,5/16/2018 7:20,34,201834012,0,1,0,1,,,,,2018,5,16,720,7,20,8,7:20:08,16/05/2018
DSWP18,20180516_072244a_2,5/16/2018 7:22,34,201834013,0,1,1,2,,,,,2018,5,16,722,7,22,44,7:22:44,16/05/2018
DSWP18,20180516_072705a_2,5/16/2018 7:27,34,201834014,0,1,1,2,,,,,2018,5,16,727,7,27,5,7:27:05,16/05/2018
DSWP18,20180516_081336a_2,5/16/2018 8:13,34,201834015,0,1,0,1,,,,,2018,5,16,813,8,13,36,8:13:36,16/05/2018
DSWP18,20180516_081757a_2,5/16/2018 8:17,34,201834016,0,1,1,2,,,,,2018,5,16,817,8,17,57,8:17:57,16/05/2018
DSWP18,20180516_090739a_2,5/16/2018 9:07,34,201834017,0,1,0,1,,,,,2018,5,16,97,9,7,39,9:07:39,16/05/2018
DSWP18,20180516_092042a_2,5/16/2018 9:20,34,201834019,0,1,1,2,,,,,2018,5,16,920,9,20,42,9:20:42,16/05/2018
DSWP18,20180516_092450a_2,5/16/2018 9:24,34,201834018,0,1,1,2,,,,,2018,5,16,924,9,24,50,9:24:50,16/05/2018
DSWP18,20180516_092752a,5/16/2018 9:27,34,201834019,0,1,1,2,,,,,2018,5,16,927,9,27,52,9:27:52,16/05/2018
DSWP18,20180516_092839a_2,5/16/2018 9:28,34,201834020,0,1,0,1,,,,,2018,5,16,928,9,28,39,9:28:39,16/05/2018
DSWP18,20180516_093359a_2,5/16/2018 9:33,34,201834021,0,1,1,2,,,,,2018,5,16,933,9,33,59,9:33:59,16/05/2018
DSWP18,20180516_101844a_2,5/16/2018 10:18,34,201834022,0,1,0,1,,,,,2018,5,16,1018,10,18,44,10:18:44,16/05/2018
DSWP18,20180516_103045a_2,5/16/2018 10:30,34,201834023,0,2,1,3,,,,,2018,5,16,1030,10,30,45,10:30:45,16/05/2018
DSWP18,20180516_110208a_2,5/16/2018 11:02,34,201834024,0,1,0,1,,,,,2018,5,16,112,11,2,8,11:02:08,16/05/2018
DSWP18,20180516_112522a_2,5/16/2018 11:25,34,201834025,0,2,2,4,,,,,2018,5,16,1125,11,25,22,11:25:22,16/05/2018
DSWP18,20180516_120203a_2,5/16/2018 12:02,34,201834026,0,2,1,3,,,,,2018,5,16,122,12,2,3,12:02:03,16/05/2018
DSWP18,20180516_120725a_2,5/16/2018 12:07,34,201834027,0,1,1,2,,,,,2018,5,16,127,12,7,25,12:07:25,16/05/2018
DSWP18,20180516_120840a_2,5/16/2018 12:08,34,201834028,0,0,1,1,,,,,2018,5,16,128,12,8,40,12:08:40,16/05/2018
DSWP18,20180516_141302a_2,5/16/2018 14:13,34,201834029,0,3,2,5,,,,,2018,5,16,1413,14,13,2,14:13:02,16/05/2018
DSWP18,20180516_143818a,5/16/2018 14:38,34,201834030,0,1,2,3,,,,,2018,5,16,1438,14,38,18,14:38:18,16/05/2018
DSWP18,20180516_152120a,5/16/2018 15:21,34,201834031,0,3,2,5,,,,,2018,5,16,1521,15,21,20,15:21:20,16/05/2018
DSWP18,20180516_152345a_2,5/16/2018 15:23,34,201834032,0,0,1,1,,,,,2018,5,16,1523,15,23,45,15:23:45,16/05/2018
DSWP18,20180516_152402a,5/16/2018 15:24,34,201834031,0,3,2,5,,,,,2018,5,16,1524,15,24,2,15:24:02,16/05/2018
DSWP18,20180516_152406a_2,5/16/2018 15:24,34,201834032,0,0,1,1,,,,,2018,5,16,1524,15,24,6,15:24:06,16/05/2018
DSWP18,20180516_152409a,5/16/2018 15:24,34,201834031,0,3,2,5,,,,,2018,5,16,1524,15,24,9,15:24:09,16/05/2018
DSWP18,20180516_152437a,5/16/2018 15:24,34,201834032,0,0,1,1,,,,,2018,5,16,1524,15,24,37,15:24:37,16/05/2018
DSWP18,20180516_153011a_2,5/16/2018 15:30,34,201834033,0,1,2,3,,,,,2018,5,16,1530,15,30,11,15:30:11,16/05/2018
DSWP18,20180516_155637a,5/16/2018 15:56,34,201834034,0,1,2,3,,,,,2018,5,16,1556,15,56,37,15:56:37,16/05/2018
DSWP18,20180516_160127a,5/16/2018 16:01,34,201834035,0,3,2,5,,,,,2018,5,16,161,16,1,27,16:01:27,16/05/2018
DSWP18,20180516_161320a_2,5/16/2018 16:13,34,201834036,0,1,2,3,,,,,2018,5,16,1613,16,13,20,16:13:20,16/05/2018
DSWP18,20180516_162200a,5/16/2018 16:22,34,201834037,0,2,0,2,,,,,2018,5,16,1622,16,22,0,16:22:00,16/05/2018
DSWP18,20180516_172026a_2,5/16/2018 17:20,34,201834038,0,1,1,2,,,,,2018,5,16,1720,17,20,26,17:20:26,16/05/2018
DSWP18,20180516_172552a_2,5/16/2018 17:25,34,201834039,0,1,1,2,,,,,2018,5,16,1725,17,25,52,17:25:52,16/05/2018
DSWP18,20180517_060224a_2,5/17/2018 6:02,34,201834040,0,1,0,1,,,,,2018,5,17,62,6,2,24,6:02:24,17/05/2018
DSWP18,20180517_103606a_2,5/17/2018 10:36,34,201834041,0,1,0,1,,,,,2018,5,17,1036,10,36,6,10:36:06,17/05/2018
DSWP18,20180517_141333a_2,5/17/2018 14:13,34,201834042,1,0,0,1,,,,,2018,5,17,1413,14,13,33,14:13:33,17/05/2018
DSWP18,20180517_142751a_2,5/17/2018 14:27,34,201834043,1,0,0,1,,,,,2018,5,17,1427,14,27,51,14:27:51,17/05/2018
DSWP18,20180517_144912a_2,5/17/2018 14:49,34,201834044,0,1,0,1,,,,,2018,5,17,1449,14,49,12,14:49:12,17/05/2018
DSWP18,20180517_145141a_2,5/17/2018 14:51,34,201834045,0,2,0,2,,,,,2018,5,17,1451,14,51,41,14:51:41,17/05/2018
DSWP18,20180517_152854a_2,5/17/2018 15:28,34,201834046,0,1,0,1,,,,,2018,5,17,1528,15,28,54,15:28:54,17/05/2018
DSWP18,20180517_161751a,5/17/2018 16:17,34,201834047,0,1,0,1,,,,,2018,5,17,1617,16,17,51,16:17:51,17/05/2018
DSWP18,20180517_162021a_2,5/17/2018 16:20,34,201834048,0,1,0,1,,,,,2018,5,17,1620,16,20,21,16:20:21,17/05/2018
DSWP18,20180517_171302a,5/17/2018 17:13,34,201834049,0,1,0,1,,,,,2018,5,17,1713,17,13,2,17:13:02,17/05/2018
DSWP18,20180517_172935a,5/17/2018 17:29,34,201834050,0,1,1,2,,,,,2018,5,17,1729,17,29,35,17:29:35,17/05/2018
DSWP18,20180517_182803a_2,5/17/2018 18:28,34,201834051,0,1,0,1,,,,,2018,5,17,1828,18,28,3,18:28:03,17/05/2018
DSWP18,20180518_060213a_2,5/18/2018 6:02,34,201834052,0,3,1,4,,,,,2018,5,18,62,6,2,13,6:02:13,18/05/2018
DSWP18,20180518_062329a,5/18/2018 6:23,34,201834053,0,2,1,3,,,,,2018,5,18,623,6,23,29,6:23:29,18/05/2018
DSWP18,20180518_070548a_2,5/18/2018 7:05,34,201834054,0,1,0,1,,,,,2018,5,18,75,7,5,48,7:05:48,18/05/2018
DSWP18,20180518_072401a_2,5/18/2018 7:24,34,201834055,0,1,0,1,,,,,2018,5,18,724,7,24,1,7:24:01,18/05/2018
DSWP18,20180518_082253a_2,5/18/2018 8:22,34,201834056,0,2,1,3,,,,,2018,5,18,822,8,22,53,8:22:53,18/05/2018
DSWP18,20180518_084421a_2,5/18/2018 8:44,34,201834057,0,1,0,1,,,,,2018,5,18,844,8,44,21,8:44:21,18/05/2018
DSWP18,20180518_085423a_2,5/18/2018 8:54,34,201834058,0,1?,1?,0,,,,,2018,5,18,854,8,54,23,8:54:23,18/05/2018
DSWP18,20180518_090640a_2,5/18/2018 9:06,34,201834059,0,1,1,2,,,,,2018,5,18,96,9,6,40,9:06:40,18/05/2018
DSWP18,20180518_093037a_2,5/18/2018 9:30,34,201834060,0,2,0,2,,,,,2018,5,18,930,9,30,37,9:30:37,18/05/2018
DSWP18,20180518_095247a_2,5/18/2018 9:52,34,201834061,0,1,0,1,,,,,2018,5,18,952,9,52,47,9:52:47,18/05/2018
DSWP18,20180518_095324a,5/18/2018 9:53,34,201834062,0,1,1,2,,,,,2018,5,18,953,9,53,24,9:53:24,18/05/2018
DSWP18,20180518_100145a,5/18/2018 10:01,34,201834063,0,1,1,2,,,,,2018,5,18,101,10,1,45,10:01:45,18/05/2018
DSWP18,20180518_102951a_2,5/18/2018 10:29,34,201834064,0,1,0,1,,,,,2018,5,18,1029,10,29,51,10:29:51,18/05/2018
DSWP18,20180518_103039a,5/18/2018 10:30,34,201834065,0,1,1,2,,,,,2018,5,18,1030,10,30,39,10:30:39,18/05/2018
DSWP18,20180518_103048a_2,5/18/2018 10:30,34,201834064,0,1,0,1,,,,,2018,5,18,1030,10,30,48,10:30:48,18/05/2018
DSWP18,20180518_103952a,5/18/2018 10:39,34,201834066,0,0,1,1,,,,,2018,5,18,1039,10,39,52,10:39:52,18/05/2018
DSWP18,20180518_104520a_2,5/18/2018 10:45,34,201834067,0,0,1,1,,,,,2018,5,18,1045,10,45,20,10:45:20,18/05/2018
DSWP18,20180518_105159a_2,5/18/2018 10:51,34,201834068,0,1,0,1,,,,,2018,5,18,1051,10,51,59,10:51:59,18/05/2018
DSWP18,20180518_105219a,5/18/2018 10:52,34,201834090,0,1,0,1,,,,,2018,5,18,1052,10,52,19,10:52:19,18/05/2018
DSWP18,20180518_105248a_2,5/18/2018 10:52,34,201834068,0,1,0,1,,,,,2018,5,18,1052,10,52,48,10:52:48,18/05/2018
DSWP18,20180518_105545a,5/18/2018 10:55,34,201834069,0,1,1,2,,,,,2018,5,18,1055,10,55,45,10:55:45,18/05/2018
DSWP18,20180518_111836a_2,5/18/2018 11:18,34,201834070,0,1,0,1,,,,,2018,5,18,1118,11,18,36,11:18:36,18/05/2018
DSWP18,20180518_112909a_2,5/18/2018 11:29,34,201834071,0,1,1,2,,,,,2018,5,18,1129,11,29,9,11:29:09,18/05/2018
DSWP18,20180518_114934a,5/18/2018 11:49,34,201834072,0,1,0,1,,,,,2018,5,18,1149,11,49,34,11:49:34,18/05/2018
DSWP18,20180518_121511a,5/18/2018 12:15,34,201834073,0,1,0,1,,,,,2018,5,18,1215,12,15,11,12:15:11,18/05/2018
DSWP18,20180518_122627a,5/18/2018 12:26,34,201834074,0,2,1,3,,,,,2018,5,18,1226,12,26,27,12:26:27,18/05/2018
DSWP18,20180518_124908a_2,5/18/2018 12:49,34,201834075,0,2,0,2,,,,,2018,5,18,1249,12,49,8,12:49:08,18/05/2018
DSWP18,20180518_132424a_2,5/18/2018 13:24,34,201834076,0,1,0,1,,,,,2018,5,18,1324,13,24,24,13:24:24,18/05/2018
DSWP18,20180518_133954a_2,5/18/2018 13:39,34,201834077,0,1,0,1,,,,,2018,5,18,1339,13,39,54,13:39:54,18/05/2018
DSWP18,20180518_142732a_2,5/18/2018 14:27,34,201834078,0,2,0,2,,,,,2018,5,18,1427,14,27,32,14:27:32,18/05/2018
DSWP18,20180518_143526a,5/18/2018 14:35,34,201834079,0,1,1,2,,,,,2018,5,18,1435,14,35,26,14:35:26,18/05/2018
DSWP18,20180518_144246a,5/18/2018 14:42,34,201834080,0,1,1,2,,,,,2018,5,18,1442,14,42,46,14:42:46,18/05/2018
DSWP18,20180518_152418a_2,5/18/2018 15:24,34,201834081,0,2,0,2,,,,,2018,5,18,1524,15,24,18,15:24:18,18/05/2018
DSWP18,20180518_162013a_2,5/18/2018 16:20,34,201834083,0,2,0,2,,,,,2018,5,18,1620,16,20,13,16:20:13,18/05/2018
DSWP18,20180518_163650a,5/18/2018 16:36,34,201834084,0,1?,0,0,,,,,2018,5,18,1636,16,36,50,16:36:50,18/05/2018
DSWP18,20180518_164614a,5/18/2018 16:46,34,201834085,0,1,0,1,,,,,2018,5,18,1646,16,46,14,16:46:14,18/05/2018
DSWP18,20180518_171013a_2,5/18/2018 17:10,34,201834086,0,2,0,2,,,,,2018,5,18,1710,17,10,13,17:10:13,18/05/2018
DSWP18,20180518_172403a_2,5/18/2018 17:24,34,201834087,0,1,0,1,,,,,2018,5,18,1724,17,24,3,17:24:03,18/05/2018
DSWP18,20180518_172736a,5/18/2018 17:27,34,201834088,0,1,1,2,,,,,2018,5,18,1727,17,27,36,17:27:36,18/05/2018
DSWP18,20180518_181617a_2,5/18/2018 18:16,34,201834089,0,1,0,1,,,,,2018,5,18,1816,18,16,17,18:16:17,18/05/2018
DSWP18,20180519_095557a_2,5/19/2018 9:55,35,201835001,0,0,1,1,,,,,2018,5,19,955,9,55,57,9:55:57,19/05/2018
DSWP18,20180519_100717a,5/19/2018 10:07,35,201835002,0,1,1,2,,,,,2018,5,19,107,10,7,17,10:07:17,19/05/2018
DSWP18,20180519_104446a,5/19/2018 10:44,35,201835003,0,1,0,1,,,,,2018,5,19,1044,10,44,46,10:44:46,19/05/2018
DSWP18,20180519_110630a_2,5/19/2018 11:06,35,201835004,0,1,0,1,,,,,2018,5,19,116,11,6,30,11:06:30,19/05/2018
DSWP18,20180519_111209a,5/19/2018 11:12,35,201835005,0,1,1,2,,,,,2018,5,19,1112,11,12,9,11:12:09,19/05/2018
DSWP18,20180519_113107a,5/19/2018 11:31,35,201835006,0,1,0,1,,,,,2018,5,19,1131,11,31,7,11:31:07,19/05/2018
DSWP18,20180519_114049a,5/19/2018 11:40,35,201835007,0,1,0,1,,,,,2018,5,19,1140,11,40,49,11:40:49,19/05/2018
DSWP18,20180519_115207a_2,5/19/2018 11:52,35,201835008,0,1,0,1,,,,,2018,5,19,1152,11,52,7,11:52:07,19/05/2018
DSWP18,20180519_115840a_2,5/19/2018 11:58,35,201835009,0,1,0,1,,,,,2018,5,19,1158,11,58,40,11:58:40,19/05/2018
DSWP18,20180519_120939a_2,5/19/2018 12:09,35,201835010,0,1,0,1,,,,,2018,5,19,129,12,9,39,12:09:39,19/05/2018
DSWP18,20180519_123638a_2,5/19/2018 12:36,35,201835011,0,1,0,1,,,,,2018,5,19,1236,12,36,38,12:36:38,19/05/2018
DSWP18,20180519_133142a_2,5/19/2018 13:31,35,201835012,0,1,0,1,,,,,2018,5,19,1331,13,31,42,13:31:42,19/05/2018
DSWP18,20180519_141607a_2,5/19/2018 14:16,35,201835013,0,2,0,2,,,,,2018,5,19,1416,14,16,7,14:16:07,19/05/2018
DSWP18,20180519_151606a,5/19/2018 15:16,35,201835014,0,1,0,1,,,,,2018,5,19,1516,15,16,6,15:16:06,19/05/2018
DSWP18,20180519_155156a,5/19/2018 15:51,35,201835015,0,1,0,1,,,,,2018,5,19,1551,15,51,56,15:51:56,19/05/2018
DSWP18,20180519_162927a,5/19/2018 16:29,35,201835016,0,1,0,1,,,,,2018,5,19,1629,16,29,27,16:29:27,19/05/2018
DSWP18,20180519_170648a_2,5/19/2018 17:06,35,201835017,0,0,1,1,,,,,2018,5,19,176,17,6,48,17:06:48,19/05/2018
DSWP18,20180519_172352a_2,5/19/2018 17:23,35,201835018,0,2,1,3,,,,,2018,5,19,1723,17,23,52,17:23:52,19/05/2018
DSWP18,20180519_183307a,5/19/2018 18:33,35,201835019,0,1,0,1,,,,,2018,5,19,1833,18,33,7,18:33:07,19/05/2018
DSWP18,20180520_062229a_2,5/20/2018 6:22,35,201835020,0,3,1,4,,,,,2018,5,20,622,6,22,29,6:22:29,20/05/2018
DSWP18,20180520_062629a_2,5/20/2018 6:26,35,201835021,0,1?,0,0,,,,,2018,5,20,626,6,26,29,6:26:29,20/05/2018
DSWP18,20180520_063441a_2,5/20/2018 6:34,35,201835022,0,2,1,3,,,,,2018,5,20,634,6,34,41,6:34:41,20/05/2018
DSWP18,20180520_071852a_2,5/20/2018 7:18,35,201835023,0,1,0,1,,,,,2018,5,20,718,7,18,52,7:18:52,20/05/2018
DSWP18,20180520_073306a_2,5/20/2018 7:33,35,201835024,0,1,1,2,,,,,2018,5,20,733,7,33,6,7:33:06,20/05/2018
DSWP18,20180520_074000a_2,5/20/2018 7:40,35,201835025,0,1,1,2,,,,,2018,5,20,740,7,40,0,7:40:00,20/05/2018
DSWP18,20180520_074529a_2,5/20/2018 7:45,35,201835026,0,1,1,2,,,,,2018,5,20,745,7,45,29,7:45:29,20/05/2018
DSWP18,20180520_080905a_2,5/20/2018 8:09,35,201835027,0,3,0,3,,,,,2018,5,20,89,8,9,5,8:09:05,20/05/2018
DSWP18,20180520_081538a_2,5/20/2018 8:15,35,201835028,0,1,0,1,,,,,2018,5,20,815,8,15,38,8:15:38,20/05/2018
DSWP18,20180520_082406a_2,5/20/2018 8:24,35,201835029,0,0,1,1,,,,,2018,5,20,824,8,24,6,8:24:06,20/05/2018
DSWP18,20180520_084322a_2,5/20/2018 8:43,35,201835030,0,2,1,3,,,,,2018,5,20,843,8,43,22,8:43:22,20/05/2018
DSWP18,20180520_090135a_2,5/20/2018 9:01,35,201835031,0,3,0,3,,,,,2018,5,20,91,9,1,35,9:01:35,20/05/2018
DSWP18,20180520_091507a_2,5/20/2018 9:15,35,201835032,0,3,1,4,,,,,2018,5,20,915,9,15,7,9:15:07,20/05/2018
DSWP18,20180520_091834a_2,5/20/2018 9:18,35,201835033,0,0,1,1,,,,,2018,5,20,918,9,18,34,9:18:34,20/05/2018
DSWP18,20180520_094220a,5/20/2018 9:42,35,201835034,0,1,0,1,,,,,2018,5,20,942,9,42,20,9:42:20,20/05/2018
DSWP18,20180520_094315a_2,5/20/2018 9:43,35,201835035,0,1,0,1,,,,,2018,5,20,943,9,43,15,9:43:15,20/05/2018
DSWP18,20180520_104215a,5/20/2018 10:42,35,201835036,0,1,1,2,,,,,2018,5,20,1042,10,42,15,10:42:15,20/05/2018
DSWP18,20180520_104718a,5/20/2018 10:47,35,201835037,0,1,0,1,,,,,2018,5,20,1047,10,47,18,10:47:18,20/05/2018
DSWP18,20180520_111252a,5/20/2018 11:12,35,201835038,0,2,0,2,,,,,2018,5,20,1112,11,12,52,11:12:52,20/05/2018
DSWP18,20180520_113529a_2,5/20/2018 11:35,35,201835039,0,1,1,2,,,,,2018,5,20,1135,11,35,29,11:35:29,20/05/2018
DSWP18,20180520_115910a,5/20/2018 11:59,35,201835040,0,2,0,2,,,,,2018,5,20,1159,11,59,10,11:59:10,20/05/2018
DSWP18,20180520_125216a_2,5/20/2018 12:52,35,201835041,0,1,1,2,,,,,2018,5,20,1252,12,52,16,12:52:16,20/05/2018
DSWP18,20180520_141512a_2,5/20/2018 14:15,35,201835042,0,1,0,1,,,,,2018,5,20,1415,14,15,12,14:15:12,20/05/2018
DSWP18,20180520_145515a_2,5/20/2018 14:55,35,201835043,0,1,1,2,,,,,2018,5,20,1455,14,55,15,14:55:15,20/05/2018
DSWP18,20180520_150131a,5/20/2018 15:01,35,201835044,0,0,1,1,,,,,2018,5,20,151,15,1,31,15:01:31,20/05/2018
DSWP18,20180520_161951a,5/20/2018 16:19,35,201835045,0,1,0,1,,,,,2018,5,20,1619,16,19,51,16:19:51,20/05/2018
DSWP18,20180521_091444a_2,5/21/2018 9:14,36,201836001,0,2,1,3,,,,,2018,5,21,914,9,14,44,9:14:44,21/05/2018
DSWP18,20180521_094248a_2,5/21/2018 9:42,36,201836002,0,1,0,1,,,,,2018,5,21,942,9,42,48,9:42:48,21/05/2018
DSWP18,20180521_100818a_2,5/21/2018 10:08,36,201836003,0,1,1,2,,,,,2018,5,21,108,10,8,18,10:08:18,21/05/2018
DSWP18,20180521_105737a_2,5/21/2018 10:57,36,201836004,0,1,2,3,,,,,2018,5,21,1057,10,57,37,10:57:37,21/05/2018
DSWP18,20180521_111328a_2,5/21/2018 11:13,36,201836005,0,1,0,1,,,,,2018,5,21,1113,11,13,28,11:13:28,21/05/2018
DSWP18,20180521_114237a_2,5/21/2018 11:42,36,201836006,0,0,1,1,,,,,2018,5,21,1142,11,42,37,11:42:37,21/05/2018
DSWP18,20180521_120127a_2,5/21/2018 12:01,36,201836007,0,2,1,3,,,,,2018,5,21,121,12,1,27,12:01:27,21/05/2018
DSWP18,20180521_130255a_2,5/21/2018 13:02,36,201836008,0,1,0,1,,,,,2018,5,21,132,13,2,55,13:02:55,21/05/2018
DSWP18,20180521_143441a_2,5/21/2018 14:34,36,201836009,0,1,0,1,,,,,2018,5,21,1434,14,34,41,14:34:41,21/05/2018
DSWP18,20180523_060452a_2,5/23/2018 6:04,37,201837001,1,0,0,1,,,,,2018,5,23,64,6,4,52,6:04:52,23/05/2018
DSWP18,20180523_062544a_2,5/23/2018 6:25,37,201837002,1,0,0,1,,,,,2018,5,23,625,6,25,44,6:25:44,23/05/2018
DSWP18,20180523_070223a_2,5/23/2018 7:02,37,201837003,0,1,0,1,,,,,2018,5,23,72,7,2,23,7:02:23,23/05/2018
DSWP18,20180523_074705a_2,5/23/2018 7:47,37,201837004,0,1,0,1,,,,,2018,5,23,747,7,47,5,7:47:05,23/05/2018
DSWP18,20180523_080744a,5/23/2018 8:07,37,201837005,0,1,1,2,,,,,2018,5,23,87,8,7,44,8:07:44,23/05/2018
DSWP18,20180523_084757a_2,5/23/2018 8:47,37,201837006,0,0,1,1,,,,,2018,5,23,847,8,47,57,8:47:57,23/05/2018
DSWP18,20180523_085931a_2,5/23/2018 8:59,37,201837007,0,1,1,2,,,,,2018,5,23,859,8,59,31,8:59:31,23/05/2018
DSWP18,20180523_090521a_2,5/23/2018 9:05,37,201837008,0,1,0,1,,,,,2018,5,23,95,9,5,21,9:05:21,23/05/2018
DSWP18,20180523_103211a_2,5/23/2018 10:32,37,201837009,0,1,0,1,,,,,2018,5,23,1032,10,32,11,10:32:11,23/05/2018
DSWP18,20180523_121805a,5/23/2018 12:18,37,201837010,0,1,0,1,,,,,2018,5,23,1218,12,18,5,12:18:05,23/05/2018
DSWP18,20180523_125638a_2,5/23/2018 12:56,37,201837011,0,1,1,2,,,,,2018,5,23,1256,12,56,38,12:56:38,23/05/2018
DSWP18,20180523_130929a_2,5/23/2018 13:09,37,201837012,0,1,1,2,,,,,2018,5,23,139,13,9,29,13:09:29,23/05/2018
DSWP18,20180523_131539a_2,5/23/2018 13:15,37,201837013,0,0,1,1,,,,,2018,5,23,1315,13,15,39,13:15:39,23/05/2018
DSWP18,20180523_134933a_2,5/23/2018 13:49,37,201837014,0,1,0,1,,,,,2018,5,23,1349,13,49,33,13:49:33,23/05/2018
DSWP18,20180523_140512a_2,5/23/2018 14:05,37,201837015,0,0,1,1,,,,,2018,5,23,145,14,5,12,14:05:12,23/05/2018
DSWP18,20180523_145136a_2,5/23/2018 14:51,37,201837016,,,,0,,,,,2018,5,23,1451,14,51,36,14:51:36,23/05/2018
DSWP18,20180523_145658a_2,5/23/2018 14:56,37,201837017,0,2,1,3,,,,,2018,5,23,1456,14,56,58,14:56:58,23/05/2018
DSWP18,20180523_154203a_2,5/23/2018 15:42,37,201837018,0,1,1,2,,,,,2018,5,23,1542,15,42,3,15:42:03,23/05/2018
DSWP18,20180523_155337a_2,5/23/2018 15:53,37,201837019,0,2,1,3,,,,,2018,5,23,1553,15,53,37,15:53:37,23/05/2018
DSWP18,20180523_164949a_2,5/23/2018 16:49,37,201837020,0,3,2,5,,,,,2018,5,23,1649,16,49,49,16:49:49,23/05/2018
DSWP18,20180524_082058a_2,5/24/2018 8:20,38,201838001,0,1,0,1,,,,,2018,5,24,820,8,20,58,8:20:58,24/05/2018
DSWP18,20180524_102455a_2,5/24/2018 10:24,38,201838002,0,2,0,2,,,,,2018,5,24,1024,10,24,55,10:24:55,24/05/2018
DSWP18,20180524_103821a,5/24/2018 10:38,38,201838003,0,2,0,2,,,,,2018,5,24,1038,10,38,21,10:38:21,24/05/2018
DSWP18,20180524_110343a,5/24/2018 11:03,38,201838004,0,3,0,3,,,,,2018,5,24,113,11,3,43,11:03:43,24/05/2018
DSWP18,20180524_115953a_2,5/24/2018 11:59,38,201838005,0,4,0,4,,,,,2018,5,24,1159,11,59,53,11:59:53,24/05/2018
DSWP18,20180524_123242a_2,5/24/2018 12:32,38,201838006,0,2,0,2,,,,,2018,5,24,1232,12,32,42,12:32:42,24/05/2018
DSWP18,20180524_124246a_2,5/24/2018 12:42,38,201838007,0,2,0,2,,,,,2018,5,24,1242,12,42,46,12:42:46,24/05/2018
DSWP18,20180524_124307a_2,5/24/2018 12:43,38,201838008,0,2,0,2,,,,,2018,5,24,1243,12,43,7,12:43:07,24/05/2018
DSWP18,20180524_124325a,5/24/2018 12:43,38,201838007,0,2,0,2,,,,,2018,5,24,1243,12,43,25,12:43:25,24/05/2018
DSWP18,20180524_124347a,5/24/2018 12:43,38,201838008,0,2,0,2,,,,,2018,5,24,1243,12,43,47,12:43:47,24/05/2018
DSWP18,20180524_124815a_2,5/24/2018 12:48,38,201838009,0,2,0,2,,,,,2018,5,24,1248,12,48,15,12:48:15,24/05/2018
DSWP18,20180524_133019a_2,5/24/2018 13:30,38,201838010,0,1,0,1,,,,,2018,5,24,1330,13,30,19,13:30:19,24/05/2018
DSWP18,20180524_134318a_2,5/24/2018 13:43,38,201838011,0,1,0,1,,,,,2018,5,24,1343,13,43,18,13:43:18,24/05/2018
DSWP18,20180524_135257a_2,5/24/2018 13:52,38,201838012,0,2,0,2,,,,,2018,5,24,1352,13,52,57,13:52:57,24/05/2018
DSWP18,20180524_142443a_2,5/24/2018 14:24,38,201838013,0,2,0,2,,,,,2018,5,24,1424,14,24,43,14:24:43,24/05/2018
DSWP18,20180524_153011a_2,5/24/2018 15:30,38,201838014,0,1,0,1,,,,,2018,5,24,1530,15,30,11,15:30:11,24/05/2018
DSWP18,20180524_153548a,5/24/2018 15:35,38,201838015,0,2,0,2,,,,,2018,5,24,1535,15,35,48,15:35:48,24/05/2018
DSWP18,20180524_164715a,5/24/2018 16:47,38,201838016,0,1,0,1,,,,,2018,5,24,1647,16,47,15,16:47:15,24/05/2018
DSWP18,20180524_173313a_2,5/24/2018 17:33,38,201838017,0,1,0,1,,,,,2018,5,24,1733,17,33,13,17:33:13,24/05/2018
DSWP18,20180524_180303a_2,5/24/2018 18:03,38,201838018,0,1,0,1,,,,,2018,5,24,183,18,3,3,18:03:03,24/05/2018
DSWP18,20180524_183138a,5/24/2018 18:31,38,201838019,0,1,0,1,,,,,2018,5,24,1831,18,31,38,18:31:38,24/05/2018
DSWP18,20180525_064109a_2,5/25/2018 6:41,39,201839001,0,1,0,1,,,,,2018,5,25,641,6,41,9,6:41:09,25/05/2018
DSWP18,20180525_065139a_2,5/25/2018 6:51,39,201839002,0,1,1,2,,,,,2018,5,25,651,6,51,39,6:51:39,25/05/2018
DSWP18,20180525_071230a_2,5/25/2018 7:12,39,201839003,0,1,1,2,,,,,2018,5,25,712,7,12,30,7:12:30,25/05/2018
DSWP18,20180525_072432a_2,5/25/2018 7:24,39,201839004,0,1,0,1,,,,,2018,5,25,724,7,24,32,7:24:32,25/05/2018
DSWP18,20180525_074234a_2,5/25/2018 7:42,39,201839005,,,,0,,,,,2018,5,25,742,7,42,34,7:42:34,25/05/2018
DSWP18,20180525_082116a_2,5/25/2018 8:21,39,201839006,0,13,2,15,,,,,2018,5,25,821,8,21,16,8:21:16,25/05/2018
DSWP18,20180525_082222a,5/25/2018 8:22,39,201839007,0,4,1,5,,,,,2018,5,25,822,8,22,22,8:22:22,25/05/2018
DSWP18,20180525_085023a_2,5/25/2018 8:50,39,201839006,0,13,2,15,,,,,2018,5,25,850,8,50,23,8:50:23,25/05/2018
DSWP18,20180525_101756a_2,5/25/2018 10:17,39,201839008,0,5,1,6,,,,,2018,5,25,1017,10,17,56,10:17:56,25/05/2018
DSWP18,20180525_102049a_2,5/25/2018 10:20,39,201839009,0,10,1,11,,,,,2018,5,25,1020,10,20,49,10:20:49,25/05/2018
DSWP18,20180525_111527a_2,5/25/2018 11:15,39,201839010,0,2,0,2,,,,,2018,5,25,1115,11,15,27,11:15:27,25/05/2018
DSWP18,20180525_120125a_2,5/25/2018 12:01,39,201839011,0,2,0,2,,,,,2018,5,25,121,12,1,25,12:01:25,25/05/2018
DSWP18,20180525_130829a_2,5/25/2018 13:08,39,201839012,0,2,0,2,,,,,2018,5,25,138,13,8,29,13:08:29,25/05/2018
DSWP18,20180525_145000a_2,5/25/2018 14:50,39,201839013,0,1,0,1,,,,,2018,5,25,1450,14,50,0,14:50:00,25/05/2018
DSWP18,20180525_155734a,5/25/2018 15:57,39,201839014,0,1,0,1,,,,,2018,5,25,1557,15,57,34,15:57:34,25/05/2018
DSWP18,20180525_161710a_2,5/25/2018 16:17,39,201839015,0,1,0,1,,,,,2018,5,25,1617,16,17,10,16:17:10,25/05/2018
